#insert estudiantes 

insert into Usuario(idUsuario,nombre,rut,dv,direccion,idperfil) values(1,"Nicolas Berrios","2454223","4","Parcela el Quillay","E");
insert into Usuario values(2,"Rodrigo Moya","25548698","5","Parela 3 los Ciruelos","E");
insert into Usuario values(3,"Martin Pradenas","2485742","8","Colina 1","E");
insert into Usuario values(4,"Luciano Bonta","2548756","5","Jardin Florido #34","E");
insert into Usuario values(5,"Rodrigo Moya","2465897","9","El patio de los callados #2021","E");
insert into Usuario values(6,"Carla Bravo","2532145","1","Los alerces #1","E");
insert into Usuario values(7,"carolina Herrera","243245876","0","Las palmeras #90","E");
insert into Usuario values(8,"Felipe Moncada","259876543","1","Isla de maipo #87","E");
insert into Usuario values(9,"Benjamin Galvez","246542387","k","El condor cojo #69","E");
insert into Usuario values(10,"Rafael Antonio Vera","2541236","k","Jahuelito n#43","E");
insert into Usuario values(11,"Andres Marquez","2425467","8","Las Calilas 4","E");
insert into Usuario values(12,"Camila Santivañez","2526841","5","El Gallinero 1","E");
insert into Usuario values(13,"Gabriel Gomez","2509673","3","Miraflores 64","E");
insert into Usuario values(14,"Roberto Caceres","2590325","1","Santa Lucia 32","E");
insert into Usuario values(15,"Ricardo Muñoz","2412436","6","Santo Tomas 45","E");
insert into Usuario values(16,"Carlos Gutierrez","2416523","9","Vista el Mar 2","E");
insert into Usuario values(17,"Tomas Lopez","2475631","3","Cariño Votado 98","E");
insert into Usuario values(18,"Sebastian Ramos","2587123","7","San Marcos 64","E");
insert into Usuario values(19,"Esteban Salas","2495673","0","El Cerro 123","E");
insert into Usuario values(20,"Oscar Rodriguez","2521870","4","Vista Cordillera 45","E");
insert into Usuario values (21,"Jose Alarcon",24234456,"3","San ignacio las Palmeras 32","E");
insert into Usuario values(22,"Tomas Carcamo",24456654,"7","Balmaceda 234","E");
insert into Usuario values(23,"Manuel Espinoza",25789765,"5","Los loros calle 2","E");
insert into Usuario values(24,"Jean Ramos",24345987,"1","Los Copihues 8","E");
insert into Usuario values(25,"Felipe Perez",24908987,"3","el porvenir bajo 32","E");
insert into Usuario values(26,"Pedro Ferreira",24233455,"4","howard 12","E");
insert into Usuario values(27,"Fabio Wibmer",25992300,"8","Calle Nazi 22","E");
insert into Usuario values(28,"Ruben Blades",24890745,"9","Nueva Esperanza 24","E");
insert into Usuario values(29,"Pablo Chili",25892678,"7","Manantiales 2","E");
insert into Usuario values(30,"Santiago Mont",25672569,"5","San joakin 1","E");
insert into Usuario values("31","Julio Rojas","24567823","4","Manuel de Lima 230","E");
insert into Usuario values("32","Daniel Rodriguez","25762389","6","Chacai 300","E");
insert into Usuario values("33","Juan Berrios","24367942","3","Tocornal 310","E");
insert into Usuario values("34","Nicolas Vallejos","25432698","1","Villa Campos 110","E");
insert into Usuario values("35","Miles Morales","25556702","2","Balmaceda 450","E");
insert into Usuario values("36","Pedro Parker","24653218","4","Coimas 420","E");
insert into Usuario values("37","Altair Sanchez","25436789","5","Ñuble 321","E");
insert into Usuario values("38","Miguel Ogalde","24546782","7","Jerigoncio 542","E");
insert into Usuario values("39","Edwards Aravena","25432145","8","Los acacios 232","E");
insert into Usuario values("40","Renato Cataldo","24320666","4","Villa el amanecer 422","E");
#_________________________________________________________________________________________________________________________________________________#

#insert profesores
insert into Usuario values(41,"Alejandro Sans Vasquez","13425868","2","Calle junto al mar #sea","P");
insert into Usuario values(42,"Ricky Martin Rodriguez","1212345","0","Calle sopladora #23","P");
insert into Usuario values(43,"Calamardo Meza","1285296","4","Fondo de bikini #8","P");
insert into Usuario values(44,"Patricio Estrella Espinoza","1223232","8","Miraflors #2323","P");
insert into Usuario values(45,"Justin Bieber Rojas","1345654","2","Camino el cerro verde #1","P");
insert into Usuario values(46,"Ricardo Argona","1330965","2","El tornillo21","P");
insert into Usuario values(47,"Luis Suarez","1354981","3","El manzano 70 ","P");
insert into Usuario values(48,"Ricardo Arjona","1376125","9","Los Potros 40","P");
insert into Usuario values(49,"Arnold Gomez","1301957","8","Bicentenario 12","P");
insert into Usuario values(50,"Nicolas Berrioz","1351206","5","La esquina 54","P");
insert into Usuario values(51,"Diego Almagro","12789678","3","Teteras heladas 11","P");
insert into Usuario values(52,"Raul Castro","12819543","5","Las herraduras 3","P");
insert into Usuario values(54,"Samuel Parada","11324567","4","Casas Solas 22","P");
insert into Usuario values(55,"Hand Solo","11445332","3","Via Lactea 122","P");
insert into Usuario values("56","Vicente Marin","12431986","6","Villa Blanca 111","P");
insert into Usuario values("57","Mario Gonzalez","13256872","3","Villa Rosas 421","P");
insert into Usuario values("58","Jose Undermales","13980360","6","Los Naranjos 500","P");
insert into Usuario values("59","Pedro Castillo","12450420","5","La Doñita 120","P");
insert into Usuario values("60","Juaquín Urbano","13475278","2","Villa San Vicente 120","P");
#_________________________________________________________________________________________________________________________________________________#

#insert asistentes
Insert into Usuario values(61,"Sacarias Flores","174185","6","Las Carmelitas #1","A");
Insert into Usuario values(62,"Elias Caceres","1036925","k","El señorial #678","A");
Insert into Usuario values(63,"Jeremias Saba","1402515","3","San Guillermo #123","A");
Insert into Usuario values(64,"Catalina Vasquez","1136985","0","Camino el parral #34","A");
Insert into Usuario values(65,"Sergio Nahuel","132332","2","LasCoimas #3223","A");
insert into Usuario values(66,"Carmen Rojas","1456935","3","Las Flores #12","A");
insert into Usuario values(67,"Jonas Home","1438912","5","Robles 11","A");
insert into Usuario values(68,"Javier Medina ","1475649","9","El Castillo 56","A");
insert into Usuario values(69,"Rodolfo Reina","1445327","7","Las luces 48","A");
insert into Usuario values(70,"Rocio Caceres","1489015","4","Luciernagas 23","A");
insert into Usuario values(71,"Maria Donoso",12899066,"1","los Nogales 22","A");
insert into Usuario values(72,"Joaquin Campaso",13456223,"2","Las Palmeras 77","A");
insert into Usuario values(73,"Mario Parras",12768354,"6","Los Olivos 4","A");
insert into Usuario values(74,"Camilo Gil",12463976,"8","Girasoles 9","A");
insert into Usuario values(75,"Martin Olivares",13465897,"4","Las Rosas 6","A");
#_________________________________________________________________________________________________________________________________________________#

#insert libros
insert into Libro values("1","100 años de soledad",490,"101","500","901","1001");
insert into Libro values("2","El señor de los anillos",540,"101","501","901","1001");
insert into Libro values("3","Un mundo feliz","302","101","502","902","1001");
insert into Libro values("4","1984","434","101","503","903","1001");
insert into Libro values("5","Orgullo y prejuicio","220","102","504","904","1001");
insert into Libro values("6","Crimen y castigo","370","102","505","905", "1001");
insert into Libro values("7","Lolita","234","101","506","904","1001");
insert into Libro values("8","Ana Karenina","344","103","507","907","1001");
insert into Libro values("9","El Principito","457","103","508","908","1001");
insert into Libro values("10","El proceso","345","102","509","909","1001");
insert into Libro values("11","Hamlet","410","101","510","910","1001");
insert into Libro values("12","El ruido y la furia","290","101","511","911","1001");
#luc
insert into Libro values("13","Historia Ilustrada de Chile","339","101","512","911","1003");
insert into Libro values("14","Breve Historia de Chile","540","101","513","901","1003");
insert into Libro values("15","Manual escolar historia de Chile","252","101","514","914","1003");
insert into Libro values("16","El Libro Negro del Comunismo Chileno","200","101","515","925","1003");
insert into Libro values("17","La Unidad Popular","352","101","513","901","1003");
insert into Libro values("18","Historia de Chile: 1891-1994","522","101","516","916","1003");
insert into Libro values("19","Historia de Chile para la enseñanza primaria","382","101","517","917","1003");
insert into Libro values("20","La República Nazi de Chile","276","101","518","918","1003");
insert into Libro values("21","Historia de Chile","301","101","519","919","1003");
insert into Libro values("22","Historia Gráfica de Chile para Pequeños Ciudadanos","46","101","520","918","1003");
insert into Libro values("23","Historia de Chile Desde Orígene sHasta Nuestros Días","575","101","521","911","1003");
#rodri

insert into Libro values("24","Experimetos","120","101","523","913","1004");
insert into Libro values("25","Ciencia Divertida","100","101","523","913","1004");
insert into Libro values("26","Hora de ciencia","50","103","523","913","1004");
insert into Libro values("27","Ciencias de primera mano","30","102","523","913","1004");
insert into Libro values("28","Las plantas y la naturaleza","70","103","523","913",1004);
insert into Libro values("29","El cuerpo humano","100","102","523","913",1004);
insert into Libro values("30","Los maravillosos experimentos de Jorge","40","101","523","913",1004);
insert into Libro values("31","Cuentos para niños que sueñan con cambiarel mundo","120","103","523","913",1004);
insert into Libro values("32","una colección de libros de ciencias para niños","130","101","523","913",1004);
insert into Libro values("33","El gran libro de los bichos","90","101","523","913",1004);
#nico 
insert into Libro values("34","EL LIBRO DE LAS MATEMATICAS: DE PITAGORAS A LA 57 DIMENSION","529","101","922","524","1002");
insert into Libro values("35","LA MUSICA DE LOS NUMEROS PRIMOS. EL ENIGMA DE UN PROBLEMA MATEMAT ICO ABIERTO","526","101","922","525","1002");
insert into Libro values("36","EL PLACER DE LA X: UNA VISITA GUIADA POR LAS MATEMATICAS, DEL UNO AL INFINITO","336","101","923","526","1002");
insert into Libro values("37","Cartas a una joven matemática","256","101","924","527","1002");
insert into Libro values("38","INTRODUCCIÓN A LAS MATEMÁTICAS","304","101","925","528","1002");
insert into Libro values("39","MATEMÁTICAS PARA ENTENDER EL MUNDO EN QUE VIVIMOS","264","101","926","529","1002");
insert into Libro values("40","EL LIBRO DE LAS MATEMATICAS","352","101","926","529","1002");
insert into Libro values("41","NOCIONES MATEMÁTICAS ELEMENTALES:ARITMÉTICA,MAGNITUDES,GEOMETRÍA","210","101","927","530","1002");
insert into Libro values("42","CALCULO (6ª ED.)","1240","101","928","531","1002");
insert into Libro values("43","ALGEBRA LINEAL","250","101","929","532","1002");
insert into Libro values("44","MATEMATICAS Y LITERATURA","128","101","930","533","1002");
insert into Libro values("45","EL HOMBRE QUE CALCULABA","304","101","931","534","1002");
insert into Libro values("46","HISTORIA DE LAS MATEMATICAS","344","101","932","526","1002");


#_________________________________________________________________________________________________________________________________________________#
#insert para categorias
select * from Categoría;

insert into Categoría values(1001,"Lenguaje y comunicación");
insert into Categoría values(1002,"Matemática");
insert into Categoría values(1003,"Historia y geografía");
insert into Categoría values(1004,"Ciencias Naturales");


#_________________________________________________________________________________________________________________________________________________#
#insert para editorial select * from Editorial;
select * from Editorial;
#rube
insert into Editorial(idEditorial,nombre) values("901","Sudamericana");
insert into Editorial values("902","Minotauro");
insert into Editorial values("903","Lucemar");
insert into Editorial values("904","Herder MX");
insert into Editorial values("905","Austral");
insert into Editorial values("906","Alma");
insert into Editorial values("907","Austral");
insert into Editorial values("908","Alianza");
insert into Editorial values("909","Antoine de Saint-Exupéry");
insert into Editorial values("910","Verlag Die Schmiede");
insert into Editorial values("911","Zig-Zag");
insert into Editorial values("912","Jonathan Cape");

#rodri
insert into Editorial values("913","Santillana");

#luc
insert into Editorial values("914","Sopena");
insert into Editorial values("915","Ediciones EL Libero");
insert into Editorial values("916","Ril Editores");
insert into Editorial values("917","Bibliolife");
insert into Editorial values("918","Suma");
insert into Editorial values("919","Catalonia");
insert into Editorial values("920","Sm Ediciones");

#nico
insert into Editorial values("921","ILUS BOOKS");
insert into Editorial values("922","EL ACANTILADO");
insert into Editorial values("923","TAURUS");
insert into Editorial values("924","S.L.U. ESPASA LIBROS");
insert into Editorial values("925","AKAL");
insert into Editorial values("926","S.A. EDICIONES PARANINFO");
insert into Editorial values("927","ADDISON-WESLEY");
insert into Editorial values("928","LA CATARATA ASOCIACIONLOSLIBROSDELACATARATA");
insert into Editorial values("929","PUERTOLLANO");

#_________________________________________________________________________________________________________________________________________________#
#insert para estado
select * from Estado;

insert into Estado(idEstado,condicion) values("101","Disponible");
insert into Estado(idEstado,condicion) values("102","De baja");
insert into Estado(idEstado,condicion) values("103","En préstamo");

#_________________________________________________________________________________________________________________________________________________#
#insert para autores select * from Autor;
select * from Autor;

insert into Autor(idAutor,nombre) values("501","Gabriel Garcia Marquez");
insert into Autor values("502","J. R. R. Tolkien");
insert into Autor values("503","Aldous Huxley");
insert into Autor values("504","George Orwell");
insert into Autor values("505","Jane Austen");
insert into Autor values("506","Fiódor Dostoyevski");
insert into Autor values("507","Vladimir Nabokov");
insert into Autor values("508","León Tolstói");
insert into Autor values("509","Reynal & Hitchcock");
insert into Autor values("510","Franz Kafka");
insert into Autor values("511","William Shakespeare");
insert into Autor values("512","William Faulkner");
insert into Autor values("513","Walterio Millar");
insert into Autor values("514","Alfredo Sepulveda");
insert into Autor values("515","Libertad S.A.");
insert into Autor values("516","Mauricio Rojas");
insert into Autor values("517","Cristian Gazmuri");
insert into Autor values("518","Francisco Valdes Vergara");
insert into Autor values("519","Carlos Basso");
insert into Autor values("520","Armando de Ramón");
insert into Autor values("521","Maria Jose Zegers");
insert into Autor values("522","Carlos Aldunate");
insert into Autor values("523","Roald Dalh");
insert into Autor values("524","Clifford A.Picker");
insert into Autor values("525","MARCUS DU SAUTOY");
insert into Autor values("526","STEVEN H. STROGATZ");
insert into Autor values("527","Ian Stewart");
insert into Autor values("528","MARIA MACHIN MORENO");
insert into Autor values("529","JUAN MEDINA");
insert into Autor values("530","VV.AA.");
insert into Autor values("531","ROBERT ADAMS");
insert into Autor values("532","DAVID C. LAY");
insert into Autor values("533","MARTA MACHO STADLER");
insert into Autor values("534","MALBA TAHAN");

#_________________________________________________________________________________________________________________________________________________
#Insert libro de baja
select * from Libro_de_baja;

insert into Libro_de_baja values(8001,13,"2021/10/10");
insert into Libro_de_baja values(8002,14,"2021/10/21");
insert into Libro_de_baja values(8003,15,"2021/11/03");
insert into Libro_de_baja values(8004,16,"2021/11/13"); 
insert into Libro_de_baja values(8005,17,"2021/11/24");
insert into Libro_de_baja values(8006,18,"2021/12/11");
insert into Libro_de_baja values(8007,19,"2021/1/05");
insert into Libro_de_baja values(8008,20,"2021/3/29");
insert into Libro_de_baja values(8009,21,"2021/12/12");
insert into Libro_de_baja values(8010,22,"2021/12/23");
insert into Libro_de_baja values(8011,23,"2021/3/03");

#_________________________________________________________________________________________________________________________________________________
use mydb;
insert into préstamo values("701","2021/09/09","2021/10/09","1","22","3","1001");
insert into Préstamo values("702","2021/08/08","2021/09/09","1","54","18","1003");
insert into Préstamo values("703","2021/09/20","2021/10/15","1","30","39","1002");
insert into Préstamo values("704","2021/08/18","2021/10/18","1","18","29","1004");
insert into Préstamo values("705","2021/09/29","2021/10/20","1","31","20","1003");
insert into Préstamo values("706","2021/09/23","2021/10/24","1","65","11","1001");
insert into Préstamo values("707","2021/08/25","2021/09/30","1","41","6","1001");
insert into Préstamo values("708","2021/07/10","2021/09/13","1","22","14","1003");
insert into Préstamo values("709","2021/09/08","2021/10/08","1","10","36","1002");
insert into Préstamo values("710","2021/09/03","2021/10/24","1","1","41","1002");

#_________________________________________________________________________________________________________________________________________________


